UaMoc62F,Dorchester,Bideford, England: Southern Premier League,2016-03-08 20:45:00,1:2,2016-03-06 23:38:53,William Hill,1x2,1,2015-12-30 16:06:00,1.44,50,-1,-50
WlMnfFNG,Blue Eagles,Adelaide Olympic, Australia: NPL South Australian,2016-03-07 10:45:00,4:0,2016-03-07 00:49:11,William Hill,1x2,1,2016-03-02 16:18:00,1.80,50,1,40
4KyL9gXN,Stourbridge,Matlock, England: Northern Premier League,2016-03-07 20:45:00,4:1,2016-03-07 05:29:57,Tipico,1x2,1,2016-03-06 17:14:00,1.65,50,1,32.5
SduhdVHA,Villa Dalmine,Chacarita Juniors, Argentina: Primera B Nacional,2016-03-08 01:05:00,0:1,2016-03-07 11:18:32,Pinnacle Sports,1x2,2,2016-03-07 10:46:00,4.88,50,1,194
nFuXxe71,Portugal W,New Zealand W, World: Algarve Cup Women,2016-03-07 16:00:00,0:1,2016-03-07 11:20:39,Pinnacle Sports,1x2,1,2016-03-07 12:03:00,3.34,50,-1,-50
UX5zssgP,Pribram U21,Ceske Budejovice U21, Czech Republic: Youth League,2016-03-07 13:00:00,1:0,2016-03-07 11:29:57,Betway,1x2,1,2016-03-07 12:08:00,1.35,50,1,17.5
CWVUMHja,El-Shorta,El Masry, Egypt: Premier League,2016-03-07 16:15:00,0:1,2016-03-07 11:38:56,Pinnacle Sports,1x2,1,2016-03-07 12:30:00,4.12,50,-1,-50
6PkCTOh5,Fenix,Talleres Escalada, Argentina: Primera B Metropolitana,2016-03-07 21:00:00,1:0,2016-03-07 12:23:25,12BET,1x2,1,2016-03-07 13:09:00,2.10,50,1,55
n7gkrOwC,Anderlecht U19,Barcelona U19, Europe: UEFA Youth League,2016-03-08 18:00:00,2:0,2016-03-08 07:03:58,Betway,1x2,2,2016-03-07 19:20:00,2.05,50,-1,-50
GOW4GPN7,Leixoes,Feirense, Portugal: Segunda Liga,2016-03-09 16:00:00,0:1,2016-03-08 07:06:53,mybet,1x2,2,2016-03-07 12:01:00,2.50,50,1,75
MoivhfA6,Gloria Buzau,Clinceni, Romania: Liga 2/Serie 1,2016-03-09 14:00:00,0:2,2016-03-09 05:33:28,William Hill,1x2,2,2016-03-08 21:03:00,2.10,50,1,55
0WI5Qslf,Inter Baku,Ravan, Azerbaijan: Azerbaijan Cup,2016-03-09 11:00:00,3:0,2016-03-09 06:39:10,mybet,1x2,1,2016-03-08 11:07:00,1.45,50,1,22.5
nk0Qr4Lk,Bokelj,Rudar, Montenegro: Prva Crnogorska Liga,2016-03-09 14:30:00,1:1,2016-03-09 06:39:40,William Hill,1x2,2,2016-03-08 13:33:00,2.30,50,-1,-50
nTbRfdQm,Pojorata,Ceahlaul, Romania: Liga 2/Serie 1,2016-03-09 14:00:00,3:3,2016-03-09 06:59:24,William Hill,1x2,2,2016-03-08 20:25:00,5.00,50,-1,-50
SAW6AEOt,Fanja SC,Al-Muharraq, Asia: AFC Cup,2016-03-09 12:00:00,1:2,2016-03-09 08:20:57,William Hill,1x2,1,2016-03-08 20:13:00,3.00,50,-1,-50
bqEP02ij,Pattaya Utd,Bangkok Utd, Thailand: Thai Premier League,2016-03-09 12:00:00,1:2,2016-03-09 09:31:53,William Hill,1x2,2,2016-03-08 21:32:00,1.55,50,1,27.5
CnITaM6d,Buriram,Siam Navy, Thailand: Thai Premier League,2016-03-09 13:00:00,1:0,2016-03-09 09:32:23,12BET,1x2,1,2016-03-09 10:07:00,1.14,50,1,7
v9bkkDFd,Steaua Bucuresti,Astra, Romania: Cupa Ligii,2016-03-09 16:00:00,1:0,2016-03-09 09:50:04,Pinnacle Sports,1x2,2,2016-03-09 10:38:00,3.94,50,-1,-50
AaajGYbL,Australia W,China W, World: Olympic Games Women,2016-03-09 11:35:00,1:1,2016-03-09 10:06:47,bet365,1x2,X,2016-03-09 11:00:00,4.20,50,1,160
EmrjrIfi,Italy W,Czech Republic W, World: International Tournament (Cyprus) Women,2016-03-09 13:00:00,3:1,2016-03-09 10:18:35,Pinnacle Sports,1x2,2,2016-03-09 11:06:00,8.59,50,-1,-50
fF3Ytrj2,Zeta,Lovcen, Montenegro: Prva Crnogorska Liga,2016-03-09 14:30:00,0:2,2016-03-09 10:59:05,888sport,1x2,2,2016-03-09 11:41:00,5.50,50,1,225
6qxzxsYH,Denmark W,Portugal W, World: Algarve Cup Women,2016-03-09 16:00:00,3:1,2016-03-09 11:06:42,Pinnacle Sports,1x2,2,2016-03-09 11:48:00,7.17,50,-1,-50
4t5FNPb3,Chonburi,Suphanburi, Thailand: Thai Premier League,2016-03-09 13:00:00,1:2,2016-03-09 11:41:24,SBOBET,1x2,1,2016-03-09 12:31:00,2.51,50,-1,-50
S4JglQcS,Mornar Bar,Grbalj, Montenegro: Prva Crnogorska Liga,2016-03-09 14:30:00,1:0,2016-03-09 12:10:34,mybet,1x2,1,2016-03-09 12:46:00,2.60,50,1,80
OvXcceWt,Siroki Brijeg,Mladost DK, Bosnia and Herzegovina: Bosnia and Herzegovina Cu,2016-03-09 15:00:00,3:1,2016-03-09 12:18:41,mybet,1x2,1,2016-03-08 11:07:00,1.45,50,1,22.5
4YU0WIwK,Bylis,Partizani, Albania: Super League,2016-03-09 14:00:00,0:2,2016-03-09 12:36:55,188BET,1x2,2,2016-03-09 13:24:00,2.05,50,1,52.5
QgEewmVK,Benfica B,Covilha, Portugal: Segunda Liga,2016-03-09 15:30:00,2:2,2016-03-09 14:13:12,bet365,1x2,1,2016-03-09 14:57:00,5.00,50,-1,-50
f5bVT4hD,Netherlands W,Sweden W, World: Olympic Games Women,2016-03-09 19:30:00,1:1,2016-03-09 14:30:27,888sport,1x2,1,2016-03-07 21:15:00,3.50,50,-1,-50
t2fRUpw7,Switzerland W,Norway W, World: Olympic Games Women,2016-03-09 19:30:00,2:1,2016-03-09 14:32:34,William Hill,1x2,2,2016-03-09 12:05:00,1.75,50,-1,-50
MezOvqla,Canada W,Brazil W, World: Algarve Cup Women,2016-03-09 19:30:00,2:1,2016-03-09 14:35:23,Pinnacle Sports,1x2,2,2016-03-09 15:20:00,1.91,50,-1,-50
tv6ItesA,Mioveni,Satu Mare, Romania: Liga 2/Serie 2,2016-03-09 20:00:00,2:1,2016-03-09 14:38:40,bwin,1x2,2,2016-03-09 13:20:00,6.25,50,-1,-50
4pDax7pR,Famalicao,Mafra, Portugal: Segunda Liga,2016-03-09 16:00:00,4:1,2016-03-09 14:53:37,188BET,1x2,1,2016-03-09 15:50:00,1.90,50,1,45
MmxFvIks,Venezuela U17 W,Paraguay U17 W, South America: South American Championship Women ,2016-03-09 16:45:00,3:1,2016-03-09 14:56:09,Betway,1x2,1,2016-03-09 15:24:00,1.80,50,1,40
GWtGgOlE,Frej,Vasalunds, World: Club Friendly,2016-03-09 19:15:00,1:2,2016-03-09 15:30:03,youwin,1x2,1,2016-03-09 16:13:00,2.67,50,-1,-50
Ov54YWVI,Juazeirense,Bahia, Brazil: Copa do Nordeste,2016-03-10 01:45:00,1:2,2016-03-09 17:53:10,Unibet,1x2,2,2016-03-09 18:36:00,3.00,50,1,100
C0LxsFzk,Auckland City,Team Wellington, New Zealand: Football Championship,2016-03-10 07:35:00,2:4 ET ,2016-03-10 01:34:23,William Hill,1x2,2,2016-03-08 15:48:00,7.00,50,1,300
AZXiVqT0,Geylang,Albirex Niigata, Singapore: S.League,2016-03-10 12:30:00,0:0,2016-03-10 04:14:22,bwin,1x2,2,2016-03-09 19:58:00,2.05,50,-1,-50
zZpQf1lk,Malavan,Esteghlal Khuzestan, Iran: Persian Gulf Pro League,2016-03-10 13:30:00,1:1,2016-03-10 05:26:55,William Hill,1x2,1,2016-03-09 18:52:00,3.25,50,-1,-50
A9v71X00,Silkeborg,Fredericia, Denmark: Bet25 Liga,2016-03-10 18:00:00,0:1,2016-03-10 14:25:46,188BET,1x2,1,2016-03-10 15:12:00,1.81,50,-1,-50
SYfojg0j,Concordia,Din. Bucuresti, Romania: Cupa Ligii,2016-03-10 17:00:00,3:0,2016-03-10 15:44:56,Pinnacle Sports,1x2,1,2016-03-10 16:38:00,5.75,50,1,237.5
x27R5KX4,Al Nasr,Al Jazira, United Arab Emirates: UAE League,2016-03-10 17:30:00,2:3,2016-03-10 16:11:58,Pinnacle Sports,1x2,2,2016-03-10 17:03:00,4.11,50,1,155.5
6ql4hOoT,Vila Nova FC,Luverdense, Brazil: Copa Verde,2016-03-11 01:30:00,4:0,2016-03-10 16:44:53,Betway,1x2,2,2016-03-10 17:00:00,3.25,50,-1,-50
C0F2xvAn,Cyprus W,Estonia W, World: Friendly International Women,2016-03-11 11:00:00,1:0,2016-03-11 06:24:54,William Hill,1x2,2,2016-03-11 00:31:00,4.00,50,-1,-50
hW4YSO9J,Terengganu,Selangor, Malaysia: Super League,2016-03-11 14:00:00,3:1,2016-03-11 06:25:35,William Hill,1x2,1,2016-03-10 23:55:00,3.00,50,1,100
E11s3Pt9,Saba Qom,Persepolis, Iran: Persian Gulf Pro League,2016-03-11 13:30:00,0:1,2016-03-11 06:27:14,mybet,1x2,2,2016-03-10 09:56:00,2.85,50,1,92.5
2cC9FNhn,UiTM,Kuala Lumpur, Malaysia: Premier League,2016-03-11 09:45:00,1:1,2016-03-11 06:30:50,bet365,1x2,1,2016-03-11 07:23:00,3.40,50,-1,-50
zB2w45R2,Esteghlal AHV,Sorinet, Iran: Persian Gulf Pro League,2016-03-11 14:00:00,1:0,2016-03-11 07:25:58,Pinnacle Sports,1x2,1,2016-03-11 08:19:00,3.99,50,1,149.5
Spe9v31T,Vojvodina,Borac, Serbia: Super Liga,2016-03-11 16:00:00,1:1,2016-03-11 08:19:47,William Hill,1x2,1,2016-03-11 08:50:00,1.85,50,-1,-50
ERlaGGLD,FK Liepaja,Spartaks, Latvia: SynotTip Virsl?ga,2016-03-11 17:00:00,1:2,2016-03-11 08:20:28,bwin,1x2,1,2016-03-11 08:49:00,1.25,50,-1,-50
bF0HdmaG,M. Nazareth,H. Nazareth, Israel: Leumit League,2016-03-11 13:30:00,3:0,2016-03-11 08:27:46,188BET,1x2,1,2016-03-11 09:20:00,2.19,50,1,59.5
ANFHD1Nb,Johor DT II,Sime Darby, Malaysia: Premier League,2016-03-11 14:00:00,2:1,2016-03-11 08:28:36,Tipico,1x2,2,2016-03-11 09:07:00,3.30,50,-1,-50
GhIQjjgR,Doxa,AEL Limassol, Cyprus: First Division,2016-03-11 17:00:00,1:2,2016-03-11 08:29:23,Betway,1x2,2,2016-03-11 09:13:00,5.50,50,1,225
Us3PynNj,Hapoel Petah Tikva,Hap. Ramat Gan, Israel: Leumit League,2016-03-11 14:00:00,2:1,2016-03-11 08:40:47,Betway,1x2,2,2016-03-11 09:32:00,3.10,50,-1,-50
8rPkuCw1,Oakleigh Cannons,Hume City, Australia: NPL Victoria,2016-03-11 10:30:00,2:1,2016-03-11 09:13:21,188BET,1x2,2,2016-03-11 10:10:00,2.17,50,-1,-50
QFL1eGD7,Al Suwaiq,Al-Msnaa, Oman: Division 1,2016-03-11 14:30:00,4:2,2016-03-11 09:15:38,SBOBET,1x2,1,2016-03-11 10:11:00,2.16,50,1,58
pvoaDPBq,Usti nad Labem,Varnsdorf, Czech Republic: Division 2,2016-03-11 18:00:00,0:0,2016-03-11 09:17:09,mybet,1x2,2,2016-03-11 08:45:00,4.20,50,-1,-50
YRqb2i9I,Spartak Moscow 2,Luch Energiya, Russia: Division 1,2016-03-11 12:00:00,2:1,2016-03-11 09:43:25,Pinnacle Sports,1x2,1,2016-03-11 10:21:00,1.86,50,1,43
4IYPJLZc,Al Arabi,Al Jaish, Qatar: Premier League,2016-03-11 18:15:00,2:0,2016-03-11 10:24:37,188BET,1x2,2,2016-03-11 11:11:00,1.98,50,-1,-50
SQdnVEXo,Inegolspor,Keciorengucu, Turkey: TFF 2. Lig Red Group,2016-03-11 13:30:00,1:0,2016-03-11 10:28:03,youwin,1x2,1,2016-03-11 05:37:00,2.50,50,1,75
fy59AlM6,Ebreichsdorf,Neusiedl, Austria: Regionalliga East,2016-03-11 19:30:00,2:0,2016-03-11 10:34:17,bwin,1x2,1,2016-03-09 10:30:00,1.70,50,1,35
v9xdU3r7,Balestier Khalsa,Warriors, Singapore: S.League,2016-03-11 12:45:00,1:1,2016-03-11 10:41:04,bet365,1x2,1,2016-03-11 11:37:00,3.00,50,-1,-50
Iay0TNcD,Brunei DPMM,Home Utd, Singapore: S.League,2016-03-11 13:15:00,2:1,2016-03-11 10:41:23,bet365,1x2,1,2016-03-11 11:37:00,2.05,50,1,52.5
WlSYvPwt,Throttur,Leiknir F., Iceland: League Cup,2016-03-11 20:00:00,1:2,2016-03-11 11:03:34,William Hill,1x2,1,2016-03-10 23:33:00,1.40,50,-1,-50
Gl0b02fk,Consolat,Amiens, France: National,2016-03-11 20:00:00,0:2,2016-03-11 11:06:11,Pinnacle Sports,1x2,2,2016-03-11 11:49:00,4.57,50,1,178.5
WE9fSMgh,Sparta Rotterdam,Emmen, Netherlands: Eerste Divisie,2016-03-11 20:00:00,3:2,2016-03-11 17:34:56,Pinnacle Sports,1x2,1,2016-03-11 18:11:00,1.31,50,1,15.5
fRw5jYa6,Aizawl,East Bengal, India: I-League,2016-03-12 10:00:00,2:3,2016-03-12 01:29:37,Betway,1x2,1,2016-03-11 17:44:00,3.30,50,-1,-50
MXPTzUla,Cimarrones de Sonora,Zacatecas, Mexico: Liga de Ascenso,2016-03-12 04:36:00,2:3,2016-03-12 03:00:43,bwin,1x2,1,2016-03-12 03:40:00,2.70,50,-1,-50
zLLBbUE2,West Torrens,Blue Eagles, Australia: NPL South Australian,2016-03-12 05:30:00,2:2,2016-03-12 03:20:36,Betclic,1x2,X,2016-03-12 03:57:00,4.50,50,1,175
xpORluTK,Nairobi City,Gor Mahia, Kenya: Premier League,2016-03-12 12:00:00,2:2,2016-03-12 05:13:06,youwin,1x2,2,2016-03-11 17:35:00,1.60,50,-1,-50
x4O4lNCb,Flieden,RW Frankfurt, Germany: Oberliga Hessen,2016-03-12 15:00:00,3:2,2016-03-12 06:04:02,bwin,1x2,2,2016-03-11 11:54:00,1.60,50,-1,-50
8jiTP274,Wong Tai Sin,South China, Hong Kong: Premier League,2016-03-12 07:30:00,1:1,2016-03-12 06:06:34,mybet,1x2,1,2016-03-11 18:07:00,3.60,50,-1,-50
6LTXJn3a,Wurzburger FV,Grossbardorf, Germany: Oberliga Bayern Nord,2016-03-12 15:00:00,1:1,2016-03-12 06:07:43,bwin,1x2,2,2016-03-10 21:34:00,1.55,50,-1,-50
GQRBC8KC,Qingdao Jonoon,Nei Mongol, China: Jia League,2016-03-12 08:30:00,1:0,2016-03-12 06:49:32,William Hill,1x2,2,2016-03-11 22:08:00,3.40,50,-1,-50
xr5U01MB,Khanh Hoa,T&amp;T Ha Noi, Vietnam: V-League,2016-03-12 11:00:00,1:0,2016-03-12 06:59:21,William Hill,1x2,1,2016-03-11 00:02:00,3.50,50,1,125
6m27D8zq,Grays,Leiston, England: Ryman League,2016-03-12 16:00:00,0:2,2016-03-12 07:06:17,Sportingbet,1x2,2,2016-03-10 12:03:00,3.10,50,1,105
bTouIQXB,Aubstadt,Jahn Forchheim, Germany: Oberliga Bayern Nord,2016-03-12 16:00:00,1:0,2016-03-12 07:07:45,bwin,1x2,1,2016-03-10 21:27:00,1.70,50,1,35
OMw8yCDk,Cloppenburg,TSV Havelse, Germany: Regionalliga North,2016-03-12 14:00:00,3:0,2016-03-12 09:42:20,Pinnacle Sports,1x2,1,2016-03-12 10:29:00,3.33,50,1,116.5
tCLac3zq,Grbalj,Decic, Montenegro: Prva Crnogorska Liga,2016-03-12 14:30:00,2:1,2016-03-12 09:46:23,bet365,1x2,2,2016-03-12 10:29:00,4.00,50,-1,-50
rgHaHgUE,Hradec Kralove,Sigma Olomouc B, Czech Republic: Division 2,2016-03-12 15:00:00,3:0,2016-03-12 09:48:22,William Hill,1x2,1,2016-03-12 09:09:00,1.44,50,1,22
tfjeWOMa,Drutex-Bytovia,Suwalki, Poland: Division 1,2016-03-12 16:00:00,0:0,2016-03-12 09:50:04,Pinnacle Sports,1x2,2,2016-03-12 10:32:00,4.42,50,-1,-50
hbkKwB3L,Tadjenant,MC Alger, Algeria: Division 1,2016-03-12 15:00:00,0:0,2016-03-12 09:58:08,188BET,1x2,1,2016-03-12 10:43:00,1.97,50,-1,-50
Ox4NgeRM,Bruhl,Basel II, Switzerland: 1.Liga Promotion,2016-03-12 16:30:00,1:2,2016-03-12 10:39:29,Interwetten,1x2,1,2016-03-12 11:17:00,2.30,50,-1,-50
I5KKKNrM,Suphanburi,Pattaya Utd, Thailand: Thai Premier League,2016-03-12 12:00:00,0:0,2016-03-12 10:44:07,bwin,1x2,1,2016-03-12 08:15:00,1.30,50,-1,-50
ttkAGbHk,Dijon,Nimes, France: Ligue 2,2016-03-12 14:00:00,0:1,2016-03-12 10:44:46,Interwetten,1x2,1,2016-03-10 19:58:00,1.60,50,-1,-50
25f8MMnm,Kelantan,Penang, Malaysia: Super League,2016-03-12 14:00:00,3:1,2016-03-12 10:45:38,bwin,1x2,1,2016-03-12 09:59:00,1.70,50,1,35
v7F1PvoJ,Hoceima,Mouloudia Oujda, Morocco: Botola Pro,2016-03-12 16:00:00,1:0,2016-03-12 10:51:32,888sport,1x2,2,2016-03-12 03:53:00,3.60,50,-1,-50
vDvpKJkR,Tarxien,Qormi, Malta: Premier League,2016-03-12 16:15:00,6:1,2016-03-12 10:52:31,ComeOn,1x2,1,2016-03-12 11:46:00,1.15,50,1,7.5
Qua0PPDR,Ceadir Lunga,Speranta Nisporeni, Moldova: Divizia Nationala,2016-03-12 13:00:00,0:0,2016-03-12 11:02:50,Expekt,1x2,2,2016-03-12 11:56:00,1.48,50,-1,-50
hMDmJJ5E,Muscat,Dhofar, Oman: Division 1,2016-03-12 14:30:00,4:2,2016-03-12 11:06:32,Betway,1x2,2,2016-03-12 11:53:00,3.30,50,-1,-50
jRjOr5m9,Teplice,Mlada Boleslav, Czech Republic: Synot liga,2016-03-12 17:00:00,0:0,2016-03-12 11:08:34,bet365,1x2,1,2016-03-12 12:02:00,3.75,50,-1,-50
8IcU7Mx2,La Equidad,Petrolera, Colombia: Liga Aguila,2016-03-12 20:00:00,3:1,2016-03-12 11:09:30,mybet,1x2,2,2016-03-12 07:37:00,5.00,50,-1,-50
Aoda59LA,R. Oviedo,Valladolid, Spain: Segunda Division,2016-03-12 20:15:00,2:4,2016-03-12 11:17:36,bet365,1x2,2,2016-03-12 10:49:00,4.20,50,1,160
UahamqlF,Velbert,Dusseldorf II, Germany: Regionalliga West,2016-03-12 14:00:00,1:3,2016-03-12 11:20:20,mybet,1x2,2,2016-03-11 12:01:00,2.65,50,1,82.5
zBtL4or9,Lovcen,OFK Petrovac, Montenegro: Prva Crnogorska Liga,2016-03-12 14:30:00,1:0,2016-03-12 11:56:24,Betway,1x2,2,2016-03-12 12:42:00,4.75,50,-1,-50
ERfKqMta,Rabotnicki,Renova, FYR of Macedonia: First League,2016-03-12 14:00:00,0:0,2016-03-12 11:58:59,bet-at-home,1x2,1,2016-03-12 12:50:00,2.05,50,-1,-50
r9XTIuk4,Al Ahli Doha,Umm-Salal, Qatar: Premier League,2016-03-12 16:00:00,4:2,2016-03-12 12:00:50,Betway,1x2,2,2016-03-12 12:45:00,2.88,50,-1,-50
YsQsaqdh,U. Catolica,Dep. Cuenca, Ecuador: Serie A,2016-03-12 18:00:00,2:2,2016-03-12 12:45:50,Betway,1x2,2,2016-03-12 13:30:00,9.00,50,-1,-50
WnsGZkr2,Norderstedt,Meppen, Germany: Regionalliga North,2016-03-12 14:00:00,1:0,2016-03-12 12:47:48,bet365,1x2,1,2016-03-12 13:42:00,3.50,50,1,125
6DwIledE,Bremen II,Erfurt, Germany: 3. Liga,2016-03-12 14:00:00,0:1,2016-03-12 12:48:44,Interwetten,1x2,1,2016-03-08 13:41:00,2.45,50,-1,-50
SEUMLl6A,Melfi,Martina Franca, Italy: Lega Pro - Group C,2016-03-12 15:00:00,1:1,2016-03-12 12:52:40,bet365,1x2,2,2016-03-12 13:30:00,4.33,50,-1,-50
YRXyzN9p,Sp. Subotica,OFK Beograd, Serbia: Super Liga,2016-03-12 15:00:00,2:1,2016-03-12 12:54:04,Pinnacle Sports,1x2,1,2016-03-12 13:37:00,1.43,50,1,21.5
lpNwVLAC,La Calamine,Sprimont-Comblain, Belgium: Belgium Third Division Group B,2016-03-12 15:30:00,0:1,2016-03-12 12:59:07,888sport,1x2,1,2016-03-12 13:44:00,3.50,50,-1,-50
bPR16cBA,Sporting Cristal,U. San Martin, Peru: Primera Division,2016-03-12 21:00:00,1:1,2016-03-12 13:06:58,bet365,1x2,2,2016-03-12 13:46:00,7.50,50,-1,-50
dzEiuGU8,Villarreal B,Badalona, Spain: Segunda Division B - Group 3,2016-03-12 17:00:00,3:0,2016-03-12 13:09:38,Unibet,1x2,1,2016-03-12 08:03:00,1.52,50,1,26
8jcwivUN,Wealdstone,Maidstone, England: Vanarama National League South,2016-03-12 16:00:00,2:2,2016-03-12 13:28:37,bet365,1x2,1,2016-03-12 14:20:00,3.20,50,-1,-50
AFsuDPfQ,Reggiana,Sudtirol, Italy: Lega Pro - Group A,2016-03-12 20:30:00,0:0,2016-03-12 13:29:39,bet365,1x2,2,2016-03-12 14:10:00,4.20,50,-1,-50
MZfgnA1r,Achnas,Ermis, Cyprus: First Division,2016-03-12 15:00:00,0:1,2016-03-12 13:43:56,SBOBET,1x2,1,2016-03-12 14:35:00,2.43,50,-1,-50
GQNiK8m2,MTK Budapest,Haladas, Hungary: OTP Bank Liga,2016-03-12 15:30:00,3:1,2016-03-12 13:46:07,Pinnacle Sports,1x2,2,2016-03-12 14:33:00,3.48,50,-1,-50
KteuCqV3,Ried,Altach, Austria: Tipico Bundesliga,2016-03-12 18:30:00,0:2,2016-03-12 13:47:08,Interwetten,1x2,1,2016-03-07 14:37:00,1.90,50,-1,-50
nLlOxVIR,Relizane,Hussein Dey, Algeria: Division 1,2016-03-12 16:00:00,1:3,2016-03-12 14:20:14,bet365,1x2,2,2016-03-12 15:07:00,5.25,50,1,212.5
retpkW8g,Arbroath,East Stirlingshire, Scotland: League Two,2016-03-12 16:00:00,3:0,2016-03-12 14:23:17,BetVictor,1x2,1,2016-03-12 15:02:00,1.60,50,1,30
lWu2WBMu,Zorya,Ch. Odessa, Ukraine: Pari-Match League,2016-03-12 16:00:00,4:0,2016-03-12 14:46:27,Pinnacle Sports,1x2,1,2016-03-12 15:25:00,1.47,50,1,23.5
Agd4yJ8m,Dungannon,Cliftonville, Northern Ireland: NIFL Premiership,2016-03-12 16:00:00,2:2,2016-03-12 14:47:18,Pinnacle Sports,1x2,1,2016-03-12 15:25:00,5.57,50,-1,-50
KGoNfMUb,Hayes &amp; Yeading,St. Albans, England: Vanarama National League South,2016-03-12 16:00:00,1:3,2016-03-12 14:50:35,SBOBET,1x2,1,2016-03-12 15:46:00,2.16,50,-1,-50
YayBLYjD,Velenje,Maribor, Slovenia: Prva liga,2016-03-12 16:55:00,0:3,2016-03-12 15:33:38,mybet,1x2,2,2016-03-12 10:52:00,1.32,50,1,16
6w5IMZo4,Podbrezova,Zilina, Slovakia: Fortuna liga,2016-03-12 17:00:00,2:0,2016-03-12 15:58:56,Pinnacle Sports,1x2,2,2016-03-12 16:51:00,2.67,50,-1,-50
dSF86gRE,Gold Coast City,Brisbane Strikers, Australia: NPL Queensland,2016-03-13 06:00:00,1:1,2016-03-13 00:15:51,Betway,1x2,2,2016-03-12 21:42:00,2.60,50,-1,-50
vi5D5DtL,Sunshine Coast,North Queensland, Australia: NPL Queensland,2016-03-13 05:00:00,3:1,2016-03-13 00:17:59,Interwetten,1x2,1,2016-03-11 11:35:00,2.10,50,1,55
Sf2uKedQ,Blacktown City,Sydney Utd, Australia: NPL NSW,2016-03-13 05:00:00,3:2,2016-03-13 03:04:36,Expekt,1x2,1,2016-03-13 03:53:00,1.65,50,1,32.5
tWmwVHFF,Skovbakken W,BSF W, Denmark: Elitedivisionen Women,2016-03-13 13:15:00,2:1,2016-03-13 05:30:12,Betsafe,1x2,1,2016-03-10 17:32:00,1.69,50,1,34.5
Yw01XiS0,Barmbek-Uhlenhorst,Paloma, Germany: Oberliga Hamburg,2016-03-13 14:00:00,2:0,2016-03-13 05:31:45,bwin,1x2,1,2016-03-11 19:58:00,1.18,50,1,9
MVEfD5lM,Chongqing Lifan,Henan Jianye, China: Super League,2016-03-13 08:30:00,0:1,2016-03-13 06:47:51,Betway,1x2,1,2016-03-09 15:11:00,2.50,50,-1,-50
lMYnJrxt,Can Tho,Long An, Vietnam: V-League,2016-03-13 11:00:00,2:1,2016-03-13 06:48:59,bet365,1x2,2,2016-03-13 07:36:00,3.80,50,-1,-50
ENfCsVsq,Ger. Friedrichstal,Freiberg, Germany: Oberliga Baden-W�rttemberg,2016-03-13 15:00:00,2:1,2016-03-13 06:53:49,bwin,1x2,1,2016-03-10 20:47:00,4.75,50,1,187.5
r5mBfoJK,Carpi,Frosinone, Italy: Serie A,2016-03-13 15:00:00,2:1,2016-03-13 06:54:24,Interwetten,1x2,1,2016-03-07 14:20:00,2.00,50,1,50
zT7qvuhF,Le Mont,Chiasso, Switzerland: Challenge League,2016-03-13 15:00:00,0:0,2016-03-13 06:57:50,Pinnacle Sports,1x2,1,2016-03-13 07:45:00,3.90,50,-1,-50
hvH4sUXJ,Hibernian,Ross County, Scotland: Insurance League Cup,2016-03-13 16:00:00,1:2,2016-03-13 07:02:35,Interwetten,1x2,1,2016-03-09 13:49:00,2.50,50,-1,-50
l4VefEB9,FC Brasov,U. Cluj, Romania: Liga 2/Serie 2,2016-03-13 10:00:00,0:0,2016-03-13 07:03:34,William Hill,1x2,2,2016-03-12 18:49:00,4.00,50,-1,-50
O4I5oz7L,Ararat Yerevan,Pyunik Yerevan, Armenia: Premier League,2016-03-13 13:00:00,1:2,2016-03-13 07:17:17,William Hill,1x2,1,2016-03-11 13:38:00,3.50,50,-1,-50
Y7FyM3jE,AZAL PFK,Neftci Baku, Azerbaijan: Premier League,2016-03-13 12:00:00,1:1,2016-03-13 07:37:44,bet365,1x2,1,2016-03-13 08:31:00,3.40,50,-1,-50
OMwyWvkB,Valencia W,Barcelona W, Spain: Superliga Women,2016-03-13 11:45:00,1:2,2016-03-13 07:45:50,William Hill,1x2,2,2016-03-12 16:22:00,1.57,50,1,28.5
buptN0iN,Yuen Long,Pegasus, Hong Kong: Premier League,2016-03-13 10:30:00,2:2,2016-03-13 07:59:50,bet365,1x2,1,2016-03-13 08:57:00,3.40,50,-1,-50
QX411Q41,KSV Roeselare,Antwerp, Belgium: Proximus League,2016-03-13 15:00:00,0:1,2016-03-13 08:04:06,William Hill,1x2,2,2016-03-09 17:07:00,2.25,50,1,62.5
AHKgpITD,NK Krka,Koper, Slovenia: Prva liga,2016-03-13 15:00:00,0:1,2016-03-13 08:04:52,bet365,1x2,2,2016-03-13 08:52:00,3.40,50,1,120
CzKVC6yR,Valladolid B,Santander, Spain: Segunda Division B - Group 1,2016-03-13 12:00:00,1:2,2016-03-13 08:08:50,Pinnacle Sports,1x2,1,2016-03-13 08:53:00,5.25,50,-1,-50
IJagZMcF,Bangkok Glass,Army United, Thailand: Thai Premier League,2016-03-13 14:00:00,2:0,2016-03-13 08:09:35,bwin,1x2,1,2016-03-13 08:05:00,1.53,50,1,26.5
QBsnyqT2,Chonburi,Sukhothai, Thailand: Thai Premier League,2016-03-13 12:00:00,2:2,2016-03-13 08:18:01,bwin,1x2,1,2016-03-13 08:05:00,1.40,50,-1,-50
xWzDWehn,Difaa El Jadidi,Hassania Agadir, Morocco: Botola Pro,2016-03-13 15:00:00,1:1,2016-03-13 08:27:30,bet365,1x2,2,2016-03-13 09:19:00,3.50,50,-1,-50
WhzHVF7h,Berkane,Olympique de Safi, Morocco: Botola Pro,2016-03-13 16:00:00,1:0,2016-03-13 08:28:11,bet365,1x2,2,2016-03-13 09:24:00,6.50,50,-1,-50
YsxsATiB,Saint-Maur W,Rodez W, France: Division 1 Women,2016-03-13 13:00:00,0:4,2016-03-13 08:29:27,12BET,1x2,2,2016-03-13 09:09:00,1.39,50,1,19.5
tExfn0Zi,Oiartzun W,Espanyol W, Spain: Superliga Women,2016-03-13 12:00:00,1:0,2016-03-13 08:53:08,bet365,1x2,2,2016-03-13 09:43:00,3.20,50,-1,-50
CU6LZWjj,Parana,Cascavel, Brazil: Campeonato Paranaense,2016-03-13 15:00:00,0:0,2016-03-13 09:22:46,bwin,1x2,1,2016-03-12 10:20:00,1.34,50,-1,-50
jiWSqZN3,Monchengladbach U19,Dortmund U19, Germany: Junioren Bundesliga West,2016-03-13 11:00:00,2:3,2016-03-13 09:38:10,SBOBET,1x2,2,2016-03-13 10:34:00,1.32,50,1,16
hMFVdDCS,AS Marsa,Sfaxien, Tunisia: Ligue Professionnelle 1,2016-03-13 14:30:00,0:1,2016-03-13 09:40:59,William Hill,1x2,1,2016-03-12 15:09:00,6.00,50,-1,-50
2VkYNi1p,Wuppertaler U19,Dusseldorf U19, Germany: Junioren Bundesliga West,2016-03-13 11:00:00,1:0,2016-03-13 09:54:02,William Hill,1x2,2,2016-03-13 10:10:00,1.73,50,-1,-50
nugSs0BB,Bregalnica Stip,Turnovo, FYR of Macedonia: First League,2016-03-13 14:00:00,2:0,2016-03-13 10:05:08,bet365,1x2,1,2016-03-13 10:58:00,2.30,50,1,65
prJuLN5K,Inter Baku,Ravan, Azerbaijan: Premier League,2016-03-13 12:00:00,3:1,2016-03-13 10:44:06,William Hill,1x2,1,2016-03-12 13:49:00,1.29,50,1,14.5
MFUIDxkh,Santos Tartu,Flora II, Estonia: Esi Liiga,2016-03-13 12:00:00,1:0,2016-03-13 10:45:21,bet365,1x2,1,2016-03-13 11:37:00,6.50,50,1,275
0rcWtKQH,Shkupi,Sileks, FYR of Macedonia: First League,2016-03-13 14:00:00,1:0,2016-03-13 10:51:31,mybet,1x2,1,2016-03-13 11:36:00,2.30,50,1,65
hIgOrtd5,Met. Skopje,Shkendija, FYR of Macedonia: First League,2016-03-13 14:00:00,0:4,2016-03-13 10:52:12,mybet,1x2,2,2016-03-13 11:15:00,1.20,50,1,10
6Vz4vmoe,Boa,Tupi, Brazil: Campeonato Mineiro,2016-03-13 15:00:00,0:1,2016-03-13 10:52:53,mybet,1x2,2,2016-03-13 09:16:00,3.30,50,1,115
zFlzJNje,Dinamo-Auto,Zimbru Chisinau, Moldova: Divizia Nationala,2016-03-13 13:00:00,0:4,2016-03-13 11:00:43,bet365,1x2,2,2016-03-13 11:52:00,1.80,50,1,40
b7CLEJmj,Mainz U19,Furth U19, Germany: Junioren Bundesliga South,2016-03-13 13:00:00,3:0,2016-03-13 11:01:31,Betway,1x2,1,2016-03-13 11:40:00,2.10,50,1,55
40NIaFS9,Gafsa,Metlaoui, Tunisia: Ligue Professionnelle 1,2016-03-13 14:30:00,2:2,2016-03-13 11:02:46,William Hill,1x2,1,2016-03-12 15:09:00,2.90,50,-1,-50
pERDtd5E,SC Victoria Hamburg,Wandsbeker Concordia, Germany: Oberliga Hamburg,2016-03-13 14:00:00,0:0,2016-03-13 11:27:25,bet365,1x2,2,2016-03-13 12:15:00,4.00,50,-1,-50
ngS1cVNe,Kauno Zalgiris,Trakai, Lithuania: A Lyga,2016-03-13 14:00:00,0:2,2016-03-13 11:49:52,bet-at-home,1x2,2,2016-03-13 12:27:00,1.54,50,1,27
SlcNS1kc,Metropolitano,Avai, Brazil: Campeonato Catarinense,2016-03-13 20:00:00,4:1,2016-03-13 11:56:20,Unibet,1x2,2,2016-03-13 07:49:00,2.80,50,-1,-50
UHVmW53U,Leones Negros,Lobos BUAP, Mexico: Liga de Ascenso,2016-03-13 19:00:00,2:3,2016-03-13 12:03:23,William Hill,1x2,2,2016-03-11 16:24:00,7.50,50,1,325
CrK2cgz9,Luneburger Hansa,Oldenburg, Germany: Regionalliga North,2016-03-13 14:00:00,0:1,2016-03-13 12:28:59,Pinnacle Sports,1x2,1,2016-03-13 13:24:00,5.04,50,-1,-50
t8cuKtf7,Catania,Juve Stabia, Italy: Lega Pro - Group C,2016-03-13 14:00:00,1:1,2016-03-13 12:29:50,bet365,1x2,2,2016-03-13 13:17:00,5.00,50,-1,-50
p677Zboa,Plzen U21,Trinec U21, Czech Republic: Youth League,2016-03-13 15:00:00,4:0,2016-03-13 12:30:44,bet365,1x2,1,2016-03-13 13:19:00,1.73,50,1,36.5
vZsRy1td,Trujillanos,Zulia, Venezuela: Primera Division,2016-03-13 21:30:00,2:1,2016-03-13 12:35:42,888sport,1x2,1,2016-03-11 17:42:00,2.25,50,1,62.5
U5HGzDyp,Malucelli,Coritiba, Brazil: Campeonato Paranaense,2016-03-13 20:00:00,1:0,2016-03-13 12:40:20,bwin,1x2,2,2016-03-12 10:20:00,2.85,50,-1,-50
GAZMEVF5,EsPa,Haka, Finland: Suomen Cup,2016-03-13 15:00:00,3:6 ET ,2016-03-13 12:44:46,Pinnacle Sports,1x2,2,2016-03-13 13:21:00,1.26,50,1,13
YiVIMUj4,Akragas,Castelli Romani, Italy: Lega Pro - Group C,2016-03-14 14:00:00,3:0,2016-03-14 05:47:04,mybet,1x2,1,2016-03-09 10:01:00,1.33,50,1,16.5
jq83zuWh,Znojmo U21,Hradec Kralove U21, Czech Republic: Youth League,2016-03-14 13:00:00,6:1,2016-03-14 07:45:33,188BET,1x2,2,2016-03-14 08:31:00,2.05,50,-1,-50
OQys0DFQ,Bulleen,South Melbourne, Australia: NPL Victoria,2016-03-14 10:30:00,2:2,2016-03-14 08:02:36,Pinnacle Sports,1x2,2,2016-03-14 08:51:00,1.47,50,-1,-50
dhDDvmJ8,Levanger,Asane, World: Club Friendly,2016-03-14 13:00:00,1:0,2016-03-14 08:38:03,Pinnacle Sports,1x2,2,2016-03-14 09:18:00,3.35,50,-1,-50
29WYnDXb,Empoli U19,U.N.A.M.- Pumas U19, World: Viareggio Cup,2016-03-14 15:00:00,1:0,2016-03-14 09:59:15,Interwetten,1x2,2,2016-03-14 09:55:00,3.10,50,-1,-50
Myd0YDI5,Palermo U19,Mounana U19, World: Viareggio Cup,2016-03-14 15:00:00,4:0,2016-03-14 13:54:45,Interwetten,1x2,1,2016-03-14 09:51:00,1.30,50,1,15
GCA3XXXB,Atalanta U19,Feyenoord U19, World: Viareggio Cup,2016-03-14 17:00:00,5:0,2016-03-14 13:55:00,Interwetten,1x2,2,2016-03-14 10:04:00,4.40,50,-1,-50
lxomiarA,Targu Mures,Din. Bucuresti, Romania: Liga 1,2016-03-14 19:30:00,0:0,2016-03-14 13:56:00,188BET,1x2,2,2016-03-14 14:38:00,1.98,50,-1,-50
ljphXzD0,AEK,Panthrakikos, Greece: Super League,2016-03-14 18:30:00,3:0,2016-03-14 14:52:10,Interwetten,1x2,1,2016-03-14 11:19:00,1.15,50,1,7.5
8Uoufpll,Alessandria,Cittadella, Italy: Lega Pro - Group A,2016-03-14 20:00:00,1:2,2016-03-14 14:52:59,bet365,1x2,2,2016-03-14 15:21:00,3.40,50,1,120
lOs7p3Mb,Israel W,Estonia W, World: Friendly International Women,2016-03-15 09:00:00,2:0,2016-03-15 07:50:48,bet365,1x2,1,2016-03-15 07:27:00,1.33,50,1,16.5
6axCqNy5,Cyprus W,Malta W, World: Friendly International Women,2016-03-15 11:00:00,1:0,2016-03-15 09:22:20,Pinnacle Sports,1x2,2,2016-03-15 09:58:00,4.83,50,-1,-50
OATjmiRh,Wacker Innsbruck,Liefering, Austria: Erste Liga,2016-03-15 18:30:00,1:2,2016-03-15 09:32:07,Interwetten,1x2,2,2016-03-13 13:58:00,3.30,50,1,115
2sOAGEr2,Al Wehdat,Altyn Asyr, Asia: AFC Cup,2016-03-15 13:30:00,1:1,2016-03-15 09:56:57,Betsson,1x2,1,2016-03-15 10:04:00,1.78,50,-1,-50
ADj9ITMH,Kaya,Balestier Khalsa, Asia: AFC Cup,2016-03-15 12:30:00,1:0,2016-03-15 10:47:41,Pinnacle Sports,1x2,2,2016-03-15 11:38:00,5.03,50,-1,-50
KAtbZpVT,Z. Moravce,Ruzomberok, Slovakia: Slovak Cup,2016-03-15 17:00:00,1:2,2016-03-15 10:50:44,bet365,1x2,2,2016-03-15 05:25:00,2.60,50,1,80
GCUMmqkG,Stamford,Darlington, England: Northern Premier League,2016-03-15 20:45:00,1:4,2016-03-15 12:01:26,William Hill,1x2,2,2016-03-15 10:52:00,1.62,50,1,31
IBLi2cMa,Frickley,Ashton Utd, England: Northern Premier League,2016-03-15 20:45:00,0:0,2016-03-15 12:02:58,bet365,1x2,1,2016-03-15 12:37:00,3.40,50,-1,-50
UuGz4U7O,Sheikh Jamal,Selangor, Asia: AFC Cup,2016-03-15 13:30:00,3:4,2016-03-15 12:26:33,Betsson,1x2,2,2016-03-15 09:58:00,1.52,50,1,26
QHrJII6t,Ramsbottom,Nantwich, England: Northern Premier League,2016-03-15 20:45:00,1:4,2016-03-15 15:47:01,mybet,1x2,2,2016-03-15 12:36:00,1.57,50,1,28.5
SAbAoSj4,Ayeyawady,Bengaluru, Asia: AFC Cup,2016-03-16 10:30:00,0:1,2016-03-16 06:49:32,mybet,1x2,2,2016-03-15 15:30:00,3.50,50,1,125
lWP4z6wo,Muang Thong Utd,BEC Tero Sasana, Thailand: Thai Premier League,2016-03-16 13:00:00,0:1,2016-03-16 07:07:37,bwin,1x2,1,2016-03-15 15:10:00,1.34,50,-1,-50
GxIjb9Vi,Army United,Bangkok Utd, Thailand: Thai Premier League,2016-03-16 14:00:00,3:4,2016-03-16 07:32:22,bwin,1x2,2,2016-03-15 15:16:00,2.50,50,1,75
C62yhY8I,BBCU,Nakhon Ratchasima, Thailand: Thai Premier League,2016-03-16 12:00:00,2:4,2016-03-16 08:02:45,bwin,1x2,2,2016-03-16 08:01:00,3.00,50,1,100
dUEjV66N,Maziya,South China, Asia: AFC Cup,2016-03-16 12:00:00,2:1,2016-03-16 09:52:05,William Hill,1x2,2,2016-03-15 12:58:00,2.30,50,-1,-50
fLY2FfgA,Mamelodi Sundowns,Bloem Celtic, South Africa: Premier League,2016-03-16 18:30:00,1:3,2016-03-16 09:55:34,mybet,1x2,1,2016-03-16 09:12:00,1.65,50,-1,-50
GAPYTK9e,Al Oruba,Shabab Al-Dhahiriya, Asia: AFC Cup,2016-03-16 16:00:00,1:1,2016-03-16 10:05:36,188BET,1x2,1,2016-03-16 10:50:00,1.95,50,-1,-50
f3DPaCo6,Byzantio,Apollon 1960 Krya Vr, Greece: Division C - Group A,2016-03-16 14:00:00,1:2,2016-03-16 10:08:27,bet365,1x2,1,2016-03-16 10:53:00,1.83,50,-1,-50
Ofw7EE8G,Bidvest Wits,Orlando Pirates, South Africa: Premier League,2016-03-16 18:30:00,1:0,2016-03-16 10:13:20,mybet,1x2,1,2016-03-16 10:36:00,2.20,50,1,60
pzavNnzA,Koln II,Ahlen, Germany: Regionalliga West,2016-03-16 19:30:00,1:2,2016-03-16 13:30:25,bet365,1x2,2,2016-03-16 13:14:00,3.75,50,1,137.5
SE26AAXb,Huila,Pereira, Colombia: Copa Aguila,2016-03-16 21:15:00,0:1,2016-03-16 15:02:12,bwin,1x2,1,2016-03-16 15:32:00,1.50,50,-1,-50
OnwTwSwC,Confianca,Flamengo RJ, Brazil: Copa do Brasil,2016-03-17 01:45:00,1:0,2016-03-16 16:58:12,bwin,1x2,2,2016-03-16 10:57:00,1.57,50,-1,-50
QB1k3YOu,Ind. Medellin,Aguilas, Colombia: Copa Aguila,2016-03-17 01:00:00,2:0,2016-03-16 17:00:08,Pinnacle Sports,1x2,2,2016-03-16 17:53:00,5.50,50,-1,-50
0hAzZ302,Rosengard W,Linkopings W, Sweden: Super Cup Women,2016-03-16 19:00:00,2:1,2016-03-16 17:55:40,bwin,1x2,2,2016-03-16 18:31:00,6.00,50,-1,-50
Q75DlZFC,Frome,St. Neots, England: Southern Premier League,2016-03-16 20:45:00,3:2,2016-03-16 17:57:01,bet365,1x2,2,2016-03-16 18:43:00,3.10,50,-1,-50
K4Frh7zE,Home Utd,Young Lions, Singapore: S.League,2016-03-17 12:30:00,4:1,2016-03-17 04:10:53,youwin,1x2,1,2016-03-16 16:25:00,1.62,50,1,31
pt838rRG,Furth U19,Nurnberg U19, Germany: Junioren Bundesliga South,2016-03-17 18:30:00,2:2,2016-03-17 14:44:26,bet365,1x2,X,2016-03-17 15:01:00,3.75,50,1,137.5
ARDdJCpF,Trakai,Stumbras, Lithuania: A Lyga,2016-03-17 18:30:00,3:2,2016-03-17 14:45:10,bet365,1x2,1,2016-03-17 09:49:00,1.17,50,1,8.5
vDzKs16H,Zaria Balti,Dinamo-Auto, Moldova: Divizia Nationala,2016-03-18 13:00:00,0:2,2016-03-18 07:24:06,bet365,1x2,2,2016-03-18 08:13:00,3.50,50,1,125
GjXsD8qc,Beitar Tel Aviv,Hapoel Petah Tikva, Israel: Leumit League,2016-03-18 14:00:00,3:1,2016-03-18 08:35:25,bwin,1x2,2,2016-03-18 08:46:00,2.65,50,-1,-50
2mq0lP6d,Hapoel Afula,Hapoel Katamon, Israel: Leumit League,2016-03-18 14:00:00,1:1,2016-03-18 08:36:30,Betway,1x2,1,2016-03-18 09:11:00,2.40,50,-1,-50
6aSZBTaO,Mikkeli,KuPS, Finland: Suomen Cup,2016-03-18 17:30:00,0:3,2016-03-18 08:48:11,BetVictor,1x2,2,2016-03-18 08:56:00,1.20,50,1,10
CIQjBnE9,Ramat Hasharon,Ashkelon, Israel: Leumit League,2016-03-18 14:00:00,1:1,2016-03-18 09:03:10,Betway,1x2,2,2016-03-18 09:57:00,2.50,50,-1,-50
h2qTaRbs,Opava,Karvina, Czech Republic: Division 2,2016-03-18 18:00:00,1:1,2016-03-18 10:38:17,bwin,1x2,2,2016-03-15 13:31:00,2.40,50,-1,-50
xtbKDubf,Ravan,SumQayit, Azerbaijan: Premier League,2016-03-18 18:00:00,1:2,2016-03-18 11:16:44,bwin,1x2,1,2016-03-18 08:39:00,3.70,50,-1,-50
2BmVGJJG,Al Wakra,Umm-Salal, Qatar: Premier League,2016-03-18 16:00:00,0:1,2016-03-18 11:18:29,bet365,1x2,2,2016-03-18 12:06:00,2.90,50,1,95
A9xtWmFt,PEC Zwolle W,Telstar W, Netherlands: Eredivisie Women,2016-03-18 19:30:00,2:2,2016-03-18 12:14:31,Betway,1x2,2,2016-03-18 10:13:00,1.95,50,-1,-50
fua2aM9e,ASM Belfort,Colmar, France: National,2016-03-18 20:00:00,0:0,2016-03-18 12:16:14,Pinnacle Sports,1x2,2,2016-03-18 12:56:00,3.88,50,-1,-50
ELgxNHra,Al Draih,Al-Hazm, Saudi Arabia: Division 1,2016-03-18 13:50:00,1:1,2016-03-18 12:45:44,mybet,1x2,2,2016-03-18 13:17:00,2.50,50,-1,-50
K8NAeX4L,Lubeck,Schilksee, Germany: Regionalliga North,2016-03-18 19:30:00,2:0,2016-03-18 13:29:51,Pinnacle Sports,1x2,X,2016-03-18 14:19:00,7.82,50,-1,-50
jsPTjGNA,Kayserispor,Eskisehirspor, Turkey: Super Lig,2016-03-18 18:00:00,0:0,2016-03-18 15:30:24,Interwetten,1x2,1,2016-03-18 12:56:00,1.90,50,-1,-50
r1ogPo4I,Harbin Yiteng,Tianjin SongJiang, China: Jia League,2016-03-19 08:30:00,2:5,2016-03-19 01:54:24,bwin,1x2,2,2016-03-18 11:01:00,1.70,50,1,35
thsf9NIh,Bayswater,Perth Glory U21, Australia: NPL Western Australia,2016-03-19 08:00:00,4:3,2016-03-19 01:56:16,Betway,1x2,1,2016-03-19 02:42:00,1.36,50,1,18
j3lSl1Pr,Mitchelton,Capalaba FC, Australia: Brisbane Premier League,2016-03-19 09:00:00,1:4,2016-03-19 02:03:24,bwin,1x2,X,2016-03-18 12:59:00,5.00,50,-1,-50
YRwXmLvk,Holland Park Hawks,Albany Creek, Australia: Brisbane Premier League,2016-03-19 09:15:00,1:4,2016-03-19 03:34:44,Tipico,1x2,2,2016-03-18 12:54:00,4.70,50,1,185
08SDAbzN,WS Wanderers,Adelaide United, Australia: A-League,2016-03-19 09:30:00,0:0,2016-03-19 04:57:45,Tipico,1x2,1,2016-03-19 05:05:00,2.05,50,-1,-50
lW1bFy6b,Jaro,VPS, Finland: Suomen Cup,2016-03-19 14:15:00,0:2,2016-03-19 05:25:01,Betsson,1x2,2,2016-03-18 10:53:00,1.84,50,1,42
G4KKCOh7,Karbach,TuS Koblenz, Germany: Oberliga Rheinland-Pfalz/Saar,2016-03-19 14:00:00,1:2,2016-03-19 05:26:48,bwin,1x2,1,2016-03-18 23:23:00,3.50,50,-1,-50
2R1J6UI6,Neumunster,Henstedt-Ulzburg, Germany: Oberliga Schleswig-Holstein,2016-03-19 15:00:00,2:2,2016-03-19 06:12:29,bwin,1x2,1,2016-03-18 09:07:00,2.10,50,-1,-50
zkeTF921,Thisted FC,F. Amager, Denmark: 2nd Division - Promotion Group,2016-03-19 15:00:00,1:3,2016-03-19 06:16:05,Betsson,1x2,2,2016-03-18 01:11:00,2.95,50,1,97.5
lvnkQRlC,Qingdao Hainiu,Guizhou Zhicheng, China: Jia League,2016-03-19 08:30:00,3:1,2016-03-19 06:23:21,bet365,1x2,2,2016-03-19 07:12:00,3.75,50,-1,-50
AZeq0i4r,Moreton Bay Utd,Brisbane Strikers, Australia: NPL Queensland,2016-03-19 09:00:00,1:3,2016-03-19 06:57:24,William Hill,1x2,2,2016-03-18 22:13:00,4.50,50,1,175
IcjQAIum,Lowestoft,Gainsborough, England: Vanarama National League North,2016-03-19 16:00:00,1:0,2016-03-19 07:07:19,bwin,1x2,X,2016-03-16 09:54:00,4.00,50,-1,-50
OtjS48mJ,Oldenburger,Kilia Kiel, Germany: Oberliga Schleswig-Holstein,2016-03-19 16:00:00,1:1,2016-03-19 07:07:56,bwin,1x2,1,2016-03-18 09:07:00,1.80,50,-1,-50
GdK47aE4,Havant &amp; Waterlo,Dartford, England: Vanarama National League South,2016-03-19 16:00:00,2:0,2016-03-19 07:07:56,bet365,1x2,2,2016-03-18 13:58:00,3.40,50,-1,-50
n9fRditq,Hearts,St Johnstone, Scotland: Premiership,2016-03-19 16:00:00,0:3,2016-03-19 07:08:42,Interwetten,1x2,1,2016-03-15 17:44:00,1.90,50,-1,-50
OtvEIyR8,KA Akureyri,Selfoss, Iceland: League Cup,2016-03-19 16:00:00,2:1,2016-03-19 07:09:11,William Hill,1x2,1,2016-03-17 18:39:00,1.40,50,1,20
nBPZ5BAL,Pancota,Chindia Targoviste, Romania: Liga 2/Serie 2,2016-03-19 10:00:00,0:0,2016-03-19 07:36:32,William Hill,1x2,1,2016-03-18 22:29:00,2.75,50,-1,-50
hd4RGqra,Zlin B,Mohelnice, Czech Republic: MSFL,2016-03-19 10:30:00,3:1,2016-03-19 07:37:35,188BET,1x2,1,2016-03-19 08:25:00,2.50,50,1,75
KnQhbLeh,Turnovo,Carev Dvor, FYR of Macedonia: First League,2016-03-19 14:00:00,3:1,2016-03-19 07:38:05,William Hill,1x2,1,2016-03-18 21:45:00,1.50,50,1,25
zRYXboEm,Vysehrad,Trinec, Czech Republic: Division 2,2016-03-19 10:15:00,0:2,2016-03-19 08:03:45,bet365,1x2,2,2016-03-19 08:51:00,4.20,50,1,160
jweTspua,Sonnenhof Grossaspac,Stutt. Kickers, Germany: 3. Liga,2016-03-19 14:00:00,1:1,2016-03-19 08:04:35,bet365,1x2,2,2016-03-19 08:53:00,4.00,50,-1,-50
O0AoxGBp,Espanyol W,Atletico Madrid W, Spain: Superliga Women,2016-03-19 11:45:00,1:2,2016-03-19 08:34:11,bwin,1x2,2,2016-03-18 13:58:00,1.33,50,1,16.5
0bsGOUGT,Tokatspor,Manisaspor, Turkey: TFF 2. Lig Red Group,2016-03-19 12:00:00,1:1,2016-03-19 08:37:18,youwin,1x2,2,2016-03-19 09:19:00,2.50,50,-1,-50
K26mxAji,Foggia,Ischia, Italy: Lega Pro - Group C,2016-03-19 17:30:00,4:2,2016-03-19 08:39:43,William Hill,1x2,1,2016-03-16 18:53:00,1.40,50,1,20
McgcQFAB,Sillamae Kalev,Paide Linnameeskond, Estonia: Meistriliiga,2016-03-19 12:00:00,1:1,2016-03-19 08:50:14,188BET,1x2,1,2016-03-19 09:44:00,1.90,50,-1,-50
Y7iTBJS6,Gabala,Qarabag, Azerbaijan: Premier League,2016-03-19 12:00:00,1:2,2016-03-19 08:53:26,William Hill,1x2,1,2016-03-18 16:06:00,3.30,50,-1,-50
xCQngIZJ,Skoda Xanthi,Levadiakos, Greece: Super League,2016-03-19 14:00:00,2:2,2016-03-19 08:54:21,Betway,1x2,1,2016-03-16 18:03:00,1.70,50,-1,-50
pGSs8hTg,Rigas,Metta/LU, Latvia: SynotTip Virsl?ga,2016-03-19 14:00:00,3:2,2016-03-19 09:07:35,bet365,1x2,2,2016-03-19 10:04:00,4.33,50,-1,-50
zeONWS5r,Krylya Sovetov Samar,Zenit Petersburg U21, Russia: Youth League,2016-03-19 11:00:00,0:0,2016-03-19 09:25:21,188BET,1x2,2,2016-03-19 10:15:00,1.70,50,-1,-50
t4Bl8r9I,Akranes,Kopavogur, Iceland: League Cup,2016-03-19 12:00:00,4:2,2016-03-19 09:46:52,SBOBET,1x2,1,2016-03-19 10:34:00,1.46,50,1,23
MooGKpdH,Orgryte,Halmstad, World: Club Friendly,2016-03-19 12:00:00,0:0,2016-03-19 09:48:20,188BET,1x2,2,2016-03-19 10:33:00,2.32,50,-1,-50
rixtcPr0,Vlasim,Usti nad Labem, Czech Republic: Division 2,2016-03-19 15:00:00,2:2,2016-03-19 09:48:38,William Hill,1x2,1,2016-03-19 09:55:00,2.20,50,-1,-50
hKKKDHSf,St. Andrews,Tarxien, Malta: Premier League,2016-03-19 14:00:00,2:3,2016-03-19 09:49:01,bet365,1x2,2,2016-03-19 10:36:00,1.29,50,1,14.5
0pOSBec7,Sliema,Balzan, Malta: Premier League,2016-03-19 16:00:00,3:3,2016-03-19 09:57:44,William Hill,1x2,2,2016-03-18 21:45:00,1.44,50,-1,-50
0YRXRX6H,IR Tanger,Difaa El Jadidi, Morocco: Botola Pro,2016-03-19 15:30:00,1:0,2016-03-19 10:27:37,bwin,1x2,2,2016-03-18 10:24:00,5.00,50,-1,-50
6NOOCyr1,Pembroke,Hibernians, Malta: Premier League,2016-03-19 14:00:00,1:1,2016-03-19 10:29:32,Betsson,1x2,2,2016-03-19 09:52:00,1.23,50,-1,-50
ljG2paHU,Lovcen,Bokelj, Montenegro: Prva Crnogorska Liga,2016-03-19 15:00:00,1:2,2016-03-19 10:31:47,William Hill,1x2,2,2016-03-19 11:19:00,2.38,50,1,69
hOMgnLnI,Decic,Mornar Bar, Montenegro: Prva Crnogorska Liga,2016-03-19 15:00:00,2:0,2016-03-19 10:45:13,bet365,1x2,1,2016-03-19 11:41:00,2.10,50,1,55
QDnzGy4B,Guria,Merani Martvili, Georgia: Umaglesi Liga,2016-03-19 12:00:00,0:0,2016-03-19 10:47:49,William Hill,1x2,1,2016-03-19 11:31:00,2.15,50,-1,-50
dbjna4b3,CRB,Coruripe, Brazil: Campeonato Alagoano,2016-03-19 20:00:00,2:1,2016-03-19 11:19:28,bwin,1x2,1,2016-03-19 11:34:00,1.65,50,1,32.5
IJcGlqBG,Goteborg,Djurgarden, World: Club Friendly,2016-03-19 15:00:00,1:1,2016-03-19 11:39:27,188BET,1x2,1,2016-03-19 12:17:00,1.78,50,-1,-50
x4n6U6Q7,Arba,Harrach, Algeria: Division 1,2016-03-19 16:00:00,3:1,2016-03-19 11:54:46,Betway,1x2,1,2016-03-19 12:49:00,4.00,50,1,150
nBsF6xxD,Fenix,Rentistas, Uruguay: Primera Division,2016-03-19 20:30:00,1:1,2016-03-19 11:56:10,Sportingbet,1x2,2,2016-03-18 14:03:00,6.00,50,-1,-50
WnRjO0K9,Fluminense de Feira,Galicia, Brazil: Campeonato Baiano,2016-03-19 20:00:00,3:0,2016-03-19 11:58:36,bwin,1x2,1,2016-03-19 09:52:00,2.10,50,1,55
QBi85rmt,Iskra,Buducnost, Montenegro: Prva Crnogorska Liga,2016-03-19 15:00:00,1:3,2016-03-19 12:07:26,Betway,1x2,2,2016-03-19 13:03:00,1.73,50,1,36.5
rJ00Nz8e,Alfreton,United of Manchester, England: Vanarama National League North,2016-03-19 16:00:00,0:1,2016-03-19 14:02:09,bet365,1x2,2,2016-03-19 13:03:00,5.00,50,1,200
AJJ86JTA,Maidenhead,Truro, England: Vanarama National League South,2016-03-19 16:00:00,0:0,2016-03-19 14:03:07,SBOBET,1x2,1,2016-03-19 14:44:00,2.61,50,-1,-50
vsKWf5dD,Connahs Q.,TNS, Wales: Premier League,2016-03-19 15:30:00,2:1,2016-03-19 14:05:12,188BET,1x2,2,2016-03-19 14:59:00,1.56,50,-1,-50
IyTM3KsM,Fortaleza,Guarany, Brazil: Campeonato Cearense,2016-03-19 23:00:00,2:0,2016-03-19 14:07:33,bwin,1x2,1,2016-03-18 14:25:00,1.40,50,1,20
Iea8vA92,Redditch,Histon, England: Southern Premier League,2016-03-19 16:00:00,1:0,2016-03-19 14:22:16,bwin,1x2,1,2016-03-17 10:11:00,1.44,50,1,22
jq04MfN1,Boston,North Ferriby, England: Vanarama National League North,2016-03-19 16:00:00,1:2,2016-03-19 14:40:56,SBOBET,1x2,1,2016-03-19 15:36:00,2.40,50,-1,-50
zJbAm7Y4,Alebrijes Oaxaca,Zacatepec, Mexico: Liga de Ascenso,2016-03-20 00:00:00,3:3,2016-03-19 15:48:35,12BET,1x2,1,2016-03-19 16:30:00,2.30,50,-1,-50
p488Lu71,Jaguares de Cordoba,Junior, Colombia: Liga Aguila,2016-03-19 21:15:00,0:2,2016-03-19 16:14:46,SBOBET,1x2,2,2016-03-19 17:01:00,1.91,50,1,45.5
Y7wS2uhj,Admira,Sturm Graz, Austria: Tipico Bundesliga,2016-03-19 18:30:00,1:0,2016-03-19 17:29:15,Interwetten,1x2,2,2016-03-14 15:22:00,2.40,50,-1,-50
xCbtuYqk,Banants Yerevan,Ararat Yerevan, Armenia: Premier League,2016-03-20 11:00:00,2:2,2016-03-20 02:16:53,Tipico,1x2,1,2016-03-18 08:15:00,2.15,50,-1,-50
MipcO5JO,Dalian Yifang F.C.,Hunan Xiangtao, China: Jia League,2016-03-20 07:30:00,0:2,2016-03-20 06:01:42,bwin,1x2,1,2016-03-19 16:13:00,1.55,50,-1,-50
hQXEtmZh,Shenzhen,Qingdao Jonoon, China: Jia League,2016-03-20 12:35:00,2:1,2016-03-20 06:02:14,bwin,1x2,1,2016-03-19 16:13:00,2.35,50,1,67.5
Cn6cQWIa,Sydney Utd,Wollongong, Australia: NPL NSW,2016-03-20 07:00:00,2:1,2016-03-20 06:03:20,William Hill,1x2,1,2016-03-19 14:06:00,2.38,50,1,69
dvMm5FYH,AEL Larissa,Kissamikos, Greece: Football League,2016-03-20 14:00:00,1:0,2016-03-20 06:04:29,William Hill,1x2,1,2016-03-19 13:31:00,1.33,50,1,16.5
6qKgofDa,Neuenkirchen,Eintracht Rheine, Germany: Oberliga Westfalen,2016-03-20 15:00:00,0:4,2016-03-20 06:04:58,bwin,1x2,1,2016-03-18 21:48:00,1.70,50,-1,-50
lxyAatw2,Ordabasy,FC Astana, Kazakhstan: Premier League,2016-03-20 10:00:00,1:3,2016-03-20 06:05:43,188BET,1x2,2,2016-03-20 07:00:00,2.28,50,1,64
fuFBsTJn,Shanghai Shenxin,Nei Mongol, China: Jia League,2016-03-20 08:30:00,2:0,2016-03-20 06:16:15,Betway,1x2,2,2016-03-20 05:46:00,4.50,50,-1,-50
KrtqoJO7,Queensland,Ipswich Knights, Australia: Brisbane Premier League,2016-03-20 09:00:00,0:4,2016-03-20 06:34:47,Betway,1x2,2,2016-03-20 07:27:00,5.00,50,1,200
4nYxkvon,Slavia Prague U21,Liberec U21, Czech Republic: Youth League,2016-03-20 10:15:00,2:2,2016-03-20 06:54:38,BetVictor,1x2,1,2016-03-20 07:44:00,1.50,50,-1,-50
G2cpvhae,Pyunik Yerevan,Shirak Gyumri, Armenia: Premier League,2016-03-20 13:00:00,1:1,2016-03-20 07:03:14,12BET,1x2,1,2016-03-20 07:47:00,1.90,50,-1,-50
Wvs4va56,VfB Stuttgart,Bayer Leverkusen, Germany: Bundesliga,2016-03-20 15:30:00,0:2,2016-03-20 07:05:00,Interwetten,1x2,1,2016-03-16 16:20:00,2.40,50,-1,-50
IJXItd3T,Collerense W,Oviedo Moderno W, Spain: Superliga Women,2016-03-20 11:00:00,2:2,2016-03-20 07:10:38,12BET,1x2,1,2016-03-20 08:07:00,2.29,50,-1,-50
p8jn1H67,Prevysov,Zizkov, Czech Republic: CFL,2016-03-20 10:15:00,1:0 PEN. ,2016-03-20 07:25:49,bwin,1x2,2,2016-03-19 21:34:00,1.95,50,-1,-50
GhIo7W0j,Platinum Stars,Black Aces, South Africa: Premier League,2016-03-20 14:30:00,1:0,2016-03-20 07:51:41,bet365,1x2,1,2016-03-20 08:43:00,2.00,50,1,50
COJpcIC3,Helsingor U19,Livorno U19, World: Viareggio Cup,2016-03-20 11:00:00,0:2,2016-03-20 07:59:04,188BET,1x2,2,2016-03-20 08:50:00,1.88,50,1,44
AgUArIYG,Huelva W,Levante W, Spain: Superliga Women,2016-03-20 12:00:00,2:1,2016-03-20 08:09:02,BetVictor,1x2,2,2016-03-20 08:53:00,2.75,50,-1,-50
lv2XaJ3i,Real Sociedad W,Valencia W, Spain: Superliga Women,2016-03-20 12:00:00,0:1,2016-03-20 08:10:07,12BET,1x2,1,2016-03-20 09:01:00,2.28,50,-1,-50
SUjXAwrD,Khazar Lenkoran,Inter Baku, Azerbaijan: Premier League,2016-03-20 10:30:00,0:1,2016-03-20 08:15:19,12BET,1x2,2,2016-03-20 09:09:00,1.63,50,1,31.5
MVIs8Cop,Chippa Utd.,Maritzburg Utd, South Africa: Premier League,2016-03-20 14:30:00,2:2,2016-03-20 08:25:11,bwin,1x2,2,2016-03-19 10:25:00,4.75,50,-1,-50
OfyeB0Ns,River Plate,Plaza Colonia, Uruguay: Primera Division,2016-03-20 14:30:00,0:1,2016-03-20 08:33:30,bet365,1x2,2,2016-03-20 09:25:00,3.40,50,1,120
Uab1plWf,Ermis,Paphos, Cyprus: First Division,2016-03-20 15:00:00,1:0,2016-03-20 08:33:54,bwin,1x2,1,2016-03-20 08:29:00,2.10,50,1,55
I7Dzu7zQ,Sabadell,Villarreal B, Spain: Segunda Division B - Group 3,2016-03-20 12:00:00,1:0,2016-03-20 08:41:50,William Hill,1x2,2,2016-03-17 17:13:00,2.75,50,-1,-50
Ott4arDO,Slovacko B,Prostejov, Czech Republic: MSFL,2016-03-20 10:15:00,1:2,2016-03-20 08:54:22,bet365,1x2,2,2016-03-20 09:40:00,2.63,50,1,81.5
IRcBdfb3,Maringa FC,Londrina, Brazil: Campeonato Paranaense,2016-03-20 15:00:00,2:2,2016-03-20 09:21:00,bet365,1x2,1,2016-03-20 10:13:00,3.00,50,-1,-50
EyWyRiMN,KAC Kenitra,Maghreb Fez, Morocco: Botola Pro,2016-03-20 16:30:00,1:0,2016-03-20 09:21:53,bwin,1x2,2,2016-03-18 10:35:00,3.70,50,-1,-50
YZPm97G7,Pirin Blagoevgrad,Montana, Bulgaria: A PFG,2016-03-20 15:15:00,0:0,2016-03-20 09:30:14,bet365,1x2,2,2016-03-20 10:23:00,4.20,50,-1,-50
ClJEEfJb,MO Bejaia,Club Africain, Africa: CAF Champions League,2016-03-20 18:00:00,2:0,2016-03-20 09:39:27,bet365,1x2,2,2016-03-20 10:35:00,4.20,50,-1,-50
EeQS9wKn,Trikala FC,Panelefsiniakos, Greece: Football League,2016-03-20 14:00:00,3:1,2016-03-20 10:22:34,William Hill,1x2,1,2016-03-19 13:31:00,1.73,50,1,36.5
AsG6OkpR,Armavir,Orenburg, Russia: Division 1,2016-03-20 15:00:00,3:0,2016-03-20 10:23:36,188BET,1x2,2,2016-03-20 10:59:00,2.26,50,-1,-50
23XxDQRJ,Santa Cruz,Nautico, Brazil: Campeonato Pernambucano,2016-03-20 20:00:00,1:1,2016-03-20 11:05:39,William Hill,1x2,1,2016-03-19 15:36:00,2.90,50,-1,-50
dCNsIVJT,Icasa,Tiradentes, Brazil: Campeonato Cearense,2016-03-20 20:00:00,0:2,2016-03-20 11:06:28,bwin,1x2,2,2016-03-19 09:52:00,2.10,50,1,55
dSRQ2vcS,Maranguape,Ceara, Brazil: Campeonato Cearense,2016-03-20 20:00:00,0:4,2016-03-20 11:06:51,bwin,1x2,2,2016-03-19 09:52:00,1.57,50,1,28.5
Ue0uRkTP,Mixto,Operario-MT, Brazil: Campeonato Matogrossense,2016-03-20 20:00:00,2:2,2016-03-20 11:08:44,188BET,1x2,1,2016-03-20 11:58:00,2.08,50,-1,-50
pvDfQHGt,Akragas,Catania, Italy: Lega Pro - Group C,2016-03-20 14:30:00,3:2,2016-03-20 11:12:16,William Hill,1x2,2,2016-03-19 14:06:00,2.15,50,-1,-50
zcuikNZC,Central SC,Salgueiro, Brazil: Campeonato Pernambucano,2016-03-20 20:00:00,0:0,2016-03-20 11:49:50,188BET,1x2,2,2016-03-20 12:28:00,1.75,50,-1,-50
6Nldi1ct,JBL Zulia,Mineros, Venezuela: Primera Division,2016-03-20 20:30:00,0:1,2016-03-20 12:21:29,William Hill,1x2,1,2016-03-19 13:18:00,3.75,50,-1,-50
nLhaRezJ,Lajeadense,Internacional, Brazil: Campeonato Gaucho,2016-03-20 20:00:00,0:0,2016-03-20 12:31:43,bwin,1x2,2,2016-03-19 09:52:00,1.78,50,-1,-50
IoKZitud,Pereira,Orsomarso, Colombia: Torneo Aguila,2016-03-20 21:30:00,4:1,2016-03-20 12:32:06,bwin,1x2,1,2016-03-19 10:25:00,1.72,50,1,36
jHuNeCje,Lok. Kosice,L. Mikulas, Slovakia: 2. Liga - East,2016-03-20 15:00:00,1:1,2016-03-20 12:34:12,bet365,1x2,2,2016-03-20 13:24:00,3.30,50,-1,-50
8jc5q8o1,AEL Limassol,Aris, Cyprus: First Division,2016-03-20 15:00:00,2:2,2016-03-20 12:36:55,Betsson,1x2,1,2016-03-20 12:45:00,1.85,50,-1,-50
xOGxKJcR,Colo C.,Vitoria da Conquista, Brazil: Campeonato Baiano,2016-03-20 20:00:00,0:0,2016-03-20 12:45:15,bwin,1x2,2,2016-03-20 11:44:00,2.25,50,-1,-50
Y1vwttO6,RapalloBogliasco,Caronnese, Italy: Serie D - Group A,2016-03-20 14:30:00,1:0,2016-03-20 12:49:25,bet365,1x2,1,2016-03-20 13:42:00,5.50,50,1,225
McNdf9Ue,Guarani,Libertad Asuncion, Paraguay: Primera Division,2016-03-20 22:00:00,1:3,2016-03-20 13:07:12,bet365,1x2,1,2016-03-20 07:27:00,3.30,50,-1,-50
EepWtNzK,Pro Sesto,Pergolettese, Italy: Serie D - Group B,2016-03-20 14:30:00,2:0,2016-03-20 13:07:54,bet365,1x2,2,2016-03-20 14:00:00,4.00,50,-1,-50
GY9l4zvU,SW Essen,Oberhausen II, Germany: Oberliga Niederrhein,2016-03-20 15:00:00,2:3,2016-03-20 13:33:19,bwin,1x2,1,2016-03-18 21:48:00,1.60,50,-1,-50
bPBbuMSk,Eding Sport,Canon Yaounde, Cameroon: Elite One,2016-03-20 15:30:00,1:2,2016-03-20 13:34:35,Sportingbet,1x2,X,2016-03-20 13:31:00,3.60,50,-1,-50
l6KsYwcI,Estudiantes Merida,Dep. Tachira, Venezuela: Primera Division,2016-03-20 22:30:00,1:4,2016-03-20 13:39:24,bet365,1x2,2,2016-03-20 14:19:00,2.45,50,1,72.5
KY0wgn0l,Tupi,Atletico-MG, Brazil: Campeonato Mineiro,2016-03-20 22:30:00,0:3,2016-03-20 13:39:49,William Hill,1x2,2,2016-03-19 12:36:00,2.00,50,1,50
xCdZZx09,Bonner,Alemannia Aachen II, Germany: Oberliga Mittelrhein,2016-03-20 15:00:00,1:1,2016-03-20 13:58:14,888sport,1x2,1,2016-03-20 14:40:00,1.55,50,-1,-50
SAtd6pPG,R. Union,Toledo, Spain: Segunda Division B - Group 2,2016-03-20 17:00:00,1:1,2016-03-20 14:10:52,William Hill,1x2,2,2016-03-17 17:01:00,3.50,50,-1,-50
GOloNO4P,Malacateco,Universidad SC, Guatemala: Liga Nacional,2016-03-20 19:00:00,2:0,2016-03-20 14:40:35,Betway,1x2,2,2016-03-20 15:24:00,3.80,50,-1,-50
235zIWJt,Mosta,Valletta, Malta: Premier League,2016-03-20 16:00:00,1:2,2016-03-20 14:59:56,William Hill,1x2,2,2016-03-19 15:43:00,1.17,50,1,8.5
SzOhekFk,Cerro Porteno,Diaz, Paraguay: Primera Division,2016-03-21 00:00:00,2:2,2016-03-20 15:06:16,William Hill,1x2,1,2016-03-19 14:06:00,1.75,50,-1,-50
hMLLrc5g,SC Sao Paulo,Passo Fundo, Brazil: Campeonato Gaucho,2016-03-20 23:00:00,2:2,2016-03-20 15:31:55,Betway,1x2,1,2016-03-20 11:30:00,2.10,50,-1,-50
KI4amzc7,Juventus U19,AC Milan U19, World: Viareggio Cup,2016-03-23 15:00:00,4:0,2016-03-23 11:48:30,SBOBET,1x2,1,2016-03-23 12:39:00,1.93,50,1,46.5
OKlNib2i,Austria Vienna,Neustadt, World: Club Friendly,2016-03-23 15:00:00,2:3,2016-03-23 12:03:49,SBOBET,1x2,1,2016-03-23 12:53:00,1.75,50,-1,-50
xQBh3ohb,Alexandroupoli,Evros S., Greece: Division C - Group A,2016-03-23 14:00:00,0:2,2016-03-23 12:28:02,youwin,1x2,1,2016-03-23 13:19:00,1.33,50,-1,-50
ncKKPeXH,Sao Tome and Princip,Libya, Africa: Africa Cup of Nations,2016-03-23 16:30:00,2:1,2016-03-23 12:29:23,Betsson,1x2,2,2016-03-21 13:55:00,1.40,50,-1,-50
bZIvUYNg,Romania,Lithuania, World: Friendly International,2016-03-23 19:00:00,1:0,2016-03-23 12:45:39,Interwetten,1x2,1,2016-03-22 11:54:00,1.45,50,1,22.5
xQHrThw0,Croatia,Israel, World: Friendly International,2016-03-23 18:00:00,2:0,2016-03-23 13:36:31,Interwetten,1x2,1,2016-03-22 11:54:00,1.40,50,1,20
nwSKi5lQ,Malta U21,Montenegro U21, Europe: Euro U21,2016-03-23 18:00:00,0:1,2016-03-23 16:20:11,Interwetten,1x2,2,2016-03-23 15:05:00,1.50,50,1,25
E1k64022,Cuiaba Esporte,Aparecidense, Brazil: Copa Verde,2016-03-24 01:30:00,1:3,2016-03-23 16:38:29,188BET,1x2,1,2016-03-23 17:25:00,2.21,50,-1,-50
jTk2tVXN,Uzbekistan,Philippines, World: World Cup,2016-03-24 14:00:00,1:0,2016-03-24 05:48:56,Betsafe,1x2,1,2016-03-23 14:16:00,1.15,50,1,7.5
xM9sEDIf,FYR Macedonia U21,Iceland U21, Europe: Euro U21,2016-03-24 14:00:00,0:0,2016-03-24 05:49:20,Interwetten,1x2,1,2016-03-22 13:39:00,2.60,50,-1,-50
As6hZhxi,Madagascar,Central Africa, Africa: Africa Cup of Nations,2016-03-24 12:30:00,1:1,2016-03-24 06:45:03,Betsafe,1x2,1,2016-03-21 11:45:00,1.80,50,-1,-50
KdNCfiwl,Melbourne Knights,Bulleen, Australia: NPL Victoria,2016-03-24 10:30:00,1:0,2016-03-24 07:35:24,William Hill,1x2,2,2016-03-21 17:36:00,3.40,50,-1,-50
EcX1DDWQ,Netherlands U17,Bulgaria U17, Europe: Euro U17,2016-03-24 15:00:00,0:0,2016-03-24 08:46:23,Betsafe,1x2,1,2016-03-24 09:01:00,1.31,50,-1,-50
hjDkSt10,FAR Rabat,FUS Rabat, Morocco: Botola Pro,2016-03-24 15:00:00,1:1,2016-03-24 09:03:35,Unibet,1x2,2,2016-03-24 08:14:00,2.40,50,-1,-50
xM9NVKs6,Pontevedra,Pena, Spain: Segunda Division B - Group 1,2016-03-24 17:00:00,1:0,2016-03-24 09:04:01,Unibet,1x2,1,2016-03-24 06:29:00,1.35,50,1,17.5
bHmvSPSq,Catanzaro,Castelli Romani, Italy: Lega Pro - Group C,2016-03-24 14:00:00,2:0,2016-03-24 09:36:00,Sportingbet,1x2,1,2016-03-24 09:12:00,1.65,50,1,32.5
va1MBeG4,Wunstorf,Egestorf-Langreder, Germany: Oberliga Niedersachsen,2016-03-24 19:00:00,1:5,2016-03-24 10:08:05,bwin,1x2,2,2016-03-23 13:21:00,1.90,50,1,45
OGY0gRiF,Ghana,Mozambique, Africa: Africa Cup of Nations,2016-03-24 16:30:00,3:1,2016-03-24 10:18:34,12BET,1x2,1,2016-03-24 11:05:00,1.22,50,1,11
U9ZmvwOh,Zadar,D. Zagreb 2, Croatia: 2. HNL,2016-03-24 15:30:00,1:1,2016-03-24 10:19:06,bwin,1x2,2,2016-03-23 12:31:00,1.33,50,-1,-50
KQ0vNlp9,Oberhausen II,Wuppertaler, Germany: Oberliga Niederrhein,2016-03-24 19:30:00,0:2,2016-03-24 10:30:34,bwin,1x2,2,2016-03-23 13:20:00,1.45,50,1,22.5
z7YcEgHK,Germany U17,Slovakia U17, Europe: Euro U17,2016-03-24 18:00:00,5:1,2016-03-24 10:40:31,Betsafe,1x2,1,2016-03-24 11:37:00,1.21,50,1,10.5
hIkwTuV4,AC Wolfsberger (Am),Lafnitz, Austria: Regionalliga Central,2016-03-24 19:00:00,1:2,2016-03-24 10:56:42,Betway,1x2,2,2016-03-24 11:43:00,2.40,50,1,70
fqqSEuC9,Singapore,Myanmar, World: Friendly International,2016-03-24 12:45:00,2:1,2016-03-24 11:06:41,Interwetten,1x2,1,2016-03-23 17:48:00,1.40,50,1,20
E3hscJ09,Ukraine,Cyprus, World: Friendly International,2016-03-24 20:00:00,1:0,2016-03-24 11:07:02,Interwetten,1x2,1,2016-03-21 10:04:00,1.40,50,1,20
jPDYmve2,Enppi,Al Nasr, Egypt: Egypt Cup,2016-03-24 19:00:00,3:0,2016-03-24 11:07:39,Betsson,1x2,1,2016-03-24 09:46:00,1.75,50,1,37.5
WtCgR0G6,Olympique Khouribga,IR Tanger, Morocco: Botola Pro,2016-03-24 17:00:00,1:0,2016-03-24 11:08:51,bet365,1x2,2,2016-03-24 11:56:00,3.25,50,-1,-50
8hK0B3Ub,Avarta,Kolding IF, Denmark: 2nd Division - Relegation Group,2016-03-24 13:00:00,1:0,2016-03-24 12:00:08,888sport,1x2,2,2016-03-24 12:50:00,5.50,50,-1,-50
SYb4HvnC,Alessandria,Pordenone, Italy: Lega Pro - Group A,2016-03-24 18:00:00,1:0,2016-03-24 12:04:49,Betway,1x2,2,2016-03-24 12:59:00,4.50,50,-1,-50
OWYiwcwa,Gorica,Sibenik, Croatia: 2. HNL,2016-03-24 15:30:00,0:0,2016-03-24 12:52:13,bwin,1x2,1,2016-03-23 12:31:00,3.25,50,-1,-50
thT1qzFN,Pribram U21,Dukla Prague U21, Czech Republic: Youth League,2016-03-25 10:15:00,3:1,2016-03-25 08:55:40,William Hill,1x2,1,2016-03-25 09:31:00,1.33,50,1,16.5
Ea0Saea4,Mlada Boleslav U21,Jihlava U21, Czech Republic: Youth League,2016-03-25 11:00:00,4:1,2016-03-25 09:05:16,bwin,1x2,1,2016-03-24 11:20:00,1.45,50,1,22.5
xU72hpTJ,Fiorentina U19,Inter U19, World: Viareggio Cup,2016-03-25 15:00:00,0:2,2016-03-25 11:09:18,bet365,1x2,1,2016-03-25 12:01:00,4.75,50,-1,-50
UT39Rz2L,Armenia,Belarus, World: Friendly International,2016-03-25 16:00:00,0:0,2016-03-25 11:13:10,Interwetten,1x2,2,2016-03-24 10:11:00,3.00,50,-1,-50
KSZC9baA,Guinea,Malawi, Africa: Africa Cup of Nations,2016-03-25 18:00:00,0:0,2016-03-25 12:19:40,William Hill,1x2,1,2016-03-25 11:17:00,1.53,50,-1,-50
jggY4R93,Havant &amp; Waterlo,Hayes &amp; Yeading, England: Vanarama National League South,2016-03-25 20:45:00,1:0,2016-03-25 12:39:34,bet365,1x2,2,2016-03-25 13:32:00,4.33,50,-1,-50
dQhwB8gE,Portugal,Bulgaria, World: Friendly International,2016-03-25 21:45:00,0:1,2016-03-25 12:46:07,Interwetten,1x2,1,2016-03-24 10:11:00,1.40,50,-1,-50
W4E9DkSp,Itapipoca,Icasa, Brazil: Campeonato Cearense,2016-03-25 19:30:00,4:0,2016-03-25 13:00:54,William Hill,1x2,X,2016-03-24 22:16:00,8.50,50,-1,-50
4O3JVML6,Spezia U19,Torino U19, World: Viareggio Cup,2016-03-25 15:00:00,2:1,2016-03-25 13:52:40,bwin,1x2,1,2016-03-25 12:04:00,3.75,50,1,137.5
EXLaDpTt,Usti nad Labem,Frydek-Mistek, Czech Republic: Division 2,2016-03-25 18:00:00,0:0,2016-03-25 13:53:19,12BET,1x2,1,2016-03-25 14:37:00,2.12,50,-1,-50
nVmw8DFT,Uphusen,SVG Gottingen, Germany: Oberliga Niedersachsen,2016-03-26 13:30:00,3:2,2016-03-26 08:12:19,bwin,1x2,1,2016-03-26 08:02:00,5.00,50,1,200
M5JgDmYQ,Ravensburg,Hollenbach, Germany: Oberliga Baden-W�rttemberg,2016-03-26 15:00:00,0:2,2016-03-26 08:12:39,bwin,1x2,2,2016-03-25 09:37:00,1.90,50,1,45
GWjqJRZ2,Frohnlach,Eichstatt, Germany: Oberliga Bayern Nord,2016-03-26 16:00:00,1:2,2016-03-26 08:13:29,bwin,1x2,2,2016-03-25 15:37:00,1.95,50,1,47.5
QumjVeLm,Domazlice,Mas Taborsko B, Czech Republic: CFL,2016-03-26 15:00:00,5:1,2016-03-26 08:20:34,888sport,1x2,1,2016-03-26 07:01:00,1.27,50,1,13.5
rsB50kYr,Satu Mare,Baia Mare, Romania: Liga 2/Serie 2,2016-03-26 10:00:00,0:2,2016-03-26 08:25:01,bwin,1x2,1,2016-03-26 07:55:00,2.80,50,-1,-50
Qmenbexi,D.R. Congo,Angola, Africa: Africa Cup of Nations,2016-03-26 15:30:00,2:1,2016-03-26 08:47:48,Betsson,1x2,2,2016-03-21 14:54:00,5.70,50,-1,-50
StDVDo92,Russia,Lithuania, World: Friendly International,2016-03-26 17:00:00,3:0,2016-03-26 08:48:42,Interwetten,1x2,1,2016-03-22 12:18:00,1.30,50,1,15
ObiQZ12m,MO Bejaia,Relizane, Algeria: Division 1,2016-03-26 18:00:00,1:1,2016-03-26 09:24:06,188BET,1x2,1,2016-03-26 10:18:00,1.86,50,-1,-50
thqdf7x9,Mauritius,Rwanda, Africa: Africa Cup of Nations,2016-03-26 12:00:00,1:0,2016-03-26 09:53:30,Betsson,1x2,1,2016-03-26 07:48:00,4.90,50,1,195
lIfm63jU,Grays,Merstham, England: Ryman League,2016-03-26 16:00:00,1:3,2016-03-26 10:03:33,bet365,1x2,1,2016-03-26 10:48:00,3.00,50,-1,-50
IBqmsz3q,Zirka Kirovograd,Sumy, Ukraine: Division 2,2016-03-26 14:00:00,2:0,2016-03-26 10:23:25,bwin,1x2,1,2016-03-26 09:34:00,1.57,50,1,28.5
M9oLBTOt,Senegal,Niger, Africa: Africa Cup of Nations,2016-03-26 20:00:00,2:0,2016-03-26 11:05:14,Betsson,1x2,1,2016-03-25 14:27:00,1.30,50,1,15
nLEUtyz6,Internacional,Novo Hamburgo, Brazil: Campeonato Gaucho,2016-03-26 20:00:00,4:2,2016-03-26 11:05:56,William Hill,1x2,1,2016-03-26 10:02:00,1.44,50,1,22
W0GaPHft,United of Manchester,Chorley, England: Vanarama National League North,2016-03-26 16:00:00,2:0,2016-03-26 11:48:07,SBOBET,1x2,1,2016-03-26 12:32:00,2.78,50,1,89
bDm2VnB1,ES Setif,ASM Oran, Algeria: Division 1,2016-03-26 18:00:00,3:1,2016-03-26 11:49:36,888sport,1x2,X,2016-03-26 09:38:00,3.75,50,-1,-50
nq7iW2Q0,Udinese,Istra 1961, World: Club Friendly,2016-03-26 14:30:00,1:1,2016-03-26 11:51:37,bwin,1x2,1,2016-03-26 11:45:00,1.35,50,-1,-50
0lOBArDa,Karvina,Vlasim, Czech Republic: Division 2,2016-03-26 15:00:00,1:0,2016-03-26 11:52:25,BetVictor,1x2,1,2016-03-26 12:43:00,1.50,50,1,25
bmAsYuNl,Seoul E.,Hummel, South Korea: K League Challenge,2016-03-27 07:00:00,0:0,2016-03-27 00:17:47,youwin,1x2,1,2016-03-26 03:21:00,1.57,50,-1,-50
zHNV3qm1,Meteor Prague,Lovosice, Czech Republic: Division B,2016-03-27 10:15:00,0:1,2016-03-27 02:46:06,Sportingbet,1x2,2,2016-03-26 14:45:00,2.20,50,1,60
pr9GdBYk,Menemen Bld.,Anadolu Selcukspor, Turkey: TFF 2. Lig White Group,2016-03-27 12:30:00,2:1,2016-03-27 07:01:22,Sportingbet,1x2,1,2016-03-27 05:10:00,1.75,50,1,37.5
CKBMwTnk,Oviedo Moderno W,Espanyol W, Spain: Superliga Women,2016-03-27 12:00:00,2:2,2016-03-27 07:21:04,188BET,1x2,2,2016-03-27 09:14:00,1.85,50,-1,-50
AkMvNLZL,Shakhtar,Vorskla Poltava, Ukraine: Ukrainian Cup,2016-03-27 16:00:00,1:2,2016-03-27 07:35:36,188BET,1x2,1,2016-03-27 09:27:00,1.58,50,-1,-50
2i7ATsli,Alecrim,ABC, Brazil: Campeonato Potiguar,2016-03-27 14:30:00,1:0,2016-03-27 08:52:13,bwin,1x2,2,2016-03-27 08:05:00,1.65,50,-1,-50
QNR8zFVM,Goias,Clube Recreativo e A, Brazil: Campeonato Goiano,2016-03-27 15:00:00,1:0,2016-03-27 10:10:33,William Hill,1x2,1,2016-03-27 11:37:00,1.57,50,1,28.5
SCeg5ZLL,Kaiserslautern II,Eintracht Trier, Germany: Regionalliga Sudwest,2016-03-27 14:00:00,3:0,2016-03-27 10:12:37,bet365,1x2,1,2016-03-27 12:05:00,8.50,50,1,375
ARNpTMof,Moghreb Tetouan,Kawkab Marrakech, Morocco: Botola Pro,2016-03-27 18:45:00,1:0,2016-03-27 10:12:50,bet365,1x2,2,2016-03-27 10:22:00,5.50,50,-1,-50
zsomI2xF,Dresden,Aue, World: Club Friendly,2016-03-27 13:15:00,0:3,2016-03-27 10:45:00,SBOBET,1x2,1,2016-03-27 12:41:00,2.34,50,-1,-50
4rUhz4s1,Operario,Foz do Iguacu, Brazil: Campeonato Paranaense,2016-03-27 21:00:00,1:0,2016-03-27 12:07:55,William Hill,1x2,1,2016-03-27 12:56:00,1.70,50,1,35
YiBPEzy7,Benatky,Zapy, Czech Republic: CFL,2016-03-27 15:00:00,0:1,2016-03-27 12:58:45,188BET,1x2,1,2016-03-27 14:46:00,2.30,50,-1,-50
QXfUmB2n,Confianca,Itabaiana, Brazil: Campeonato Sergipano,2016-03-27 22:00:00,0:2,2016-03-27 13:02:32,Unibet,1x2,1,2016-03-27 10:33:00,1.65,50,-1,-50
YyHtvZJO,GE Gloria,Passo Fundo, Brazil: Campeonato Gaucho,2016-03-27 21:00:00,0:0,2016-03-27 15:06:59,William Hill,1x2,1,2016-03-27 16:21:00,2.00,50,-1,-50
rTupxQCl,Londrina,Malucelli, Brazil: Campeonato Paranaense,2016-03-27 21:00:00,4:0,2016-03-27 15:12:20,12BET,1x2,2,2016-03-27 17:01:00,2.97,50,-1,-50
xzX1zVuJ,Valerenga W,Stabaek W, Norway: Toppserien Women,2016-03-28 15:00:00,0:5,2016-03-28 06:29:53,Betsafe,1x2,2,2016-03-17 11:20:00,1.90,50,1,45
jmGNIfAK,Kapellen-Erft,Oberhausen II, Germany: Oberliga Niederrhein,2016-03-28 15:00:00,3:1,2016-03-28 12:06:32,bwin,1x2,1,2016-03-28 13:32:00,1.85,50,1,42.5
OEoHdHfb,England U17 W,Belgium U17 W, Europe: Euro U17 Women,2016-03-29 14:00:00,2:0,2016-03-29 08:43:22,William Hill,1x2,1,2016-03-28 20:43:00,1.40,50,1,20
Y9lEYPsl,Malta U21,Czech Republic U21, Europe: Euro U21,2016-03-29 18:00:00,0:7,2016-03-29 14:12:15,Interwetten,1x2,2,2016-03-29 11:34:00,1.30,50,1,15
6JhqTDfc,Portugal,Belgium, World: Friendly International,2016-03-29 20:45:00,2:1,2016-03-29 14:13:03,Interwetten,1x2,1,2016-03-26 17:36:00,2.50,50,1,75
6TawHuKJ,Dobrovice,Chrudim, Czech Republic: CFL,2016-03-30 16:30:00,1:4,2016-03-30 13:14:00,bwin,1x2,1,2016-03-30 11:02:00,2.50,50,-1,-50
GIwOnEni,Saham,Al Nasr, Oman: Sultan Cup,2016-04-06 15:45:00,0:0,2016-04-06 12:17:47,888sport,1x2,1,2016-04-06 11:23:00,2.40,50,-1,-50
GWUybC19,Bregalnica Stip,Met. Skopje, FYR of Macedonia: First League,2016-04-06 16:00:00,4:1,2016-04-06 12:20:04,William Hill,1x2,1,2016-04-06 12:02:00,1.29,50,1,14.5
fRqsxVvj,Renova,Carev Dvor, FYR of Macedonia: First League,2016-04-06 16:00:00,3:0,2016-04-06 12:37:48,bwin,1x2,1,2016-04-06 13:43:00,1.14,50,1,7
2i9fuNWs,Shakhtyor Soligorsk,FC Minsk, Belarus: Belarusian Cup,2016-04-06 17:30:00,0:0,2016-04-06 12:55:20,bwin,1x2,1,2016-04-06 08:42:00,1.60,50,-1,-50
GMZKul9a,Princesa Solimoes,Chapecoense-SC, Brazil: Copa do Brasil,2016-04-06 21:30:00,1:2,2016-04-06 13:46:23,bwin,1x2,2,2016-04-06 12:26:00,1.78,50,1,39
S4NdEjlH,ES Setif,Al-Merreikh, Africa: CAF Champions League,2016-04-19 20:00:00,0:0,2016-04-19 15:01:15,Betsson,1x2,1,2016-04-11 10:22:00,1.60,50,-1,-50
